title,published,source,matched_keyword,origin,link
Contract - fulfilment.gem.gov.in,2026-10-03,fulfilment.gem.gov.in,friction and wear tester tender (site:gem.gov.in OR site:eprocure.gov.in OR site:etenders.gov.in OR site:tendersbazaar.com OR site:tendersinfo.com OR site:biddetail.com OR site:mstcecommerce.com OR site:tenderdetail.com OR site:bidassist.com),google_news_rss,https://news.google.com/rss/articles/CBMiiwFBVV95cUxNY25NV1NSUHU0TzZ4Y1g0M0lHb3lsSUp5cDFZOXRRYjYxa3FfcHFaczdYRDRjakNHMG0tUmI3XzlvMk9lV1Z1X0ZSQ1dXdnNHRTlBdmdZUjc5d1VubnpCWVM5S3d2d2E2cDdpRFRDWWJ2Q25UMTJYZ2t4OEZxZV9zbElQbkRlcFlWMGVv?oc=5
अनुबंध ुबंध|Contract |Contract - fulfilment.gem.gov.in,2026-10-03,fulfilment.gem.gov.in,friction and wear tester tender (site:gem.gov.in OR site:eprocure.gov.in OR site:etenders.gov.in OR site:tendersbazaar.com OR site:tendersinfo.com OR site:biddetail.com OR site:mstcecommerce.com OR site:tenderdetail.com OR site:bidassist.com),google_news_rss,https://news.google.com/rss/articles/CBMiiwFBVV95cUxQNTE2WlcyeDJtbGFSZ3JzeHVmX1JOeW1LaWhNV3lyUVlDOEJfSmdMZTZQNHdfWFFydVdPU0dHR3BIa19CdEpfY1h2X1dFcTBkNHcxS29ibHdoT2FCT2VaMnBTSm9uVmFub1NFMldHM0FFb2NiWmVFU09oNWxySkdhd2tmNDdOb2E1amJN?oc=5
Technical Qualification Requirement: 1) The bidder should be manufacturer of Horizontal Centrifugal Pump having discharge capaci - bidplus.gem.gov.in,2026-10-02,bidplus.gem.gov.in,friction and wear tester tender (site:gem.gov.in OR site:eprocure.gov.in OR site:etenders.gov.in OR site:tendersbazaar.com OR site:tendersinfo.com OR site:biddetail.com OR site:mstcecommerce.com OR site:tenderdetail.com OR site:bidassist.com),google_news_rss,https://news.google.com/rss/articles/CBMihAFBVV95cUxNQjRKVWd6ZVNPNzliVFRyVzMxbERJYklZeTJtejYwbXhmckRHV3dWZGhiUEtmRUpPY3BkT1V6X1NWSFhYejF0RWtZem1tdDgtYUVrOFVraExycTJQNGxFYUYzdHQwQmlCZmpuR18wbVhvMk9TV2NQTjlFVkFtaVhiTlVRVXI?oc=5
अनुबंध ुबंध|Contract |Contract - fulfilment.gem.gov.in,2026-10-02,fulfilment.gem.gov.in,friction and wear tester tender (site:gem.gov.in OR site:eprocure.gov.in OR site:etenders.gov.in OR site:tendersbazaar.com OR site:tendersinfo.com OR site:biddetail.com OR site:mstcecommerce.com OR site:tenderdetail.com OR site:bidassist.com),google_news_rss,https://news.google.com/rss/articles/CBMiiwFBVV95cUxOSjZCR0docjJ0b2Y2dE5GOTJJLXdOWHVWTmc1OHNkcFZyVGszQTIxNGxNd19uWnJ3Y3owek1mc24zMXQ4WkJzZDV1Z2YzbmZ5ZEUyS043NURxdGxjY3ZhZDJlVHY5RW5WYjdzNUhDSEZWaFVEcXZnTjlaRlN1QV9ZUW1uYWZubEphNExB?oc=5
* जसके नाम के प मGST/TAX इनवॉइस पेश कया जाएगा|GST / Tax invoice to be - fulfilment.gem.gov.in,2026-10-02,fulfilment.gem.gov.in,friction and wear tester tender (site:gem.gov.in OR site:eprocure.gov.in OR site:etenders.gov.in OR site:tendersbazaar.com OR site:tendersinfo.com OR site:biddetail.com OR site:mstcecommerce.com OR site:tenderdetail.com OR site:bidassist.com),google_news_rss,https://news.google.com/rss/articles/CBMiiwFBVV95cUxOdjBWUC0zcmpEU0xoOC1kb0pQZ2Z0Z3k4Tmt0anctR29iNjFLMHhMYjUxUlJiQzY4Yi0wX1RieTdZZXJaV2M2Vms2aUVRcnVTR3BzbnFLdFN1V0k5WU90V3F3OVpLNnAtX3VYOUFEbnNiLUdZQ0lFMFNJUUJXb29LT2EzY0pnZV96LTlF?oc=5
Contract - fulfilment.gem.gov.in,2026-10-02,fulfilment.gem.gov.in,friction and wear tester tender (site:gem.gov.in OR site:eprocure.gov.in OR site:etenders.gov.in OR site:tendersbazaar.com OR site:tendersinfo.com OR site:biddetail.com OR site:mstcecommerce.com OR site:tenderdetail.com OR site:bidassist.com),google_news_rss,https://news.google.com/rss/articles/CBMiiwFBVV95cUxNWHE4TmNIQ2tnNGx5X3gyLTRYUHRxcWZEWWZXRkRGcVpsMUZsY1ljSEMtaEdqNUEzcDFWYWN4b2lTTFhoVDlTQ0FZck9xcmxvRVdDSU5wOFNBcGlCRnQwZHJ5c1dVWXM1TUZDMFNuT05OME1DY2xYRTFaQkx0d1JVV1pJTE1HMzBkWWtR?oc=5
Contract - fulfilment.gem.gov.in,2026-10-02,fulfilment.gem.gov.in,friction and wear tester tender (site:gem.gov.in OR site:eprocure.gov.in OR site:etenders.gov.in OR site:tendersbazaar.com OR site:tendersinfo.com OR site:biddetail.com OR site:mstcecommerce.com OR site:tenderdetail.com OR site:bidassist.com),google_news_rss,https://news.google.com/rss/articles/CBMiiwFBVV95cUxNWlYyeG1IZzU2X0E0ajk5S2NsMWlkT0JLV0hKcVFrVjhNZklKUlFDV3lIN2F2cF9ycXFlcTJibmE5MW1ERmJNc0tFcHd2UGZqWHdTZ01Ed3p3QUpNUzlucFpHVzF2em1KeWltVTdUTDRiUXBPZHNTODdsNUh4cnJKUkFVeXNRNmRnLXdZ?oc=5
Contract - fulfilment.gem.gov.in,2026-10-02,fulfilment.gem.gov.in,friction and wear tester tender (site:gem.gov.in OR site:eprocure.gov.in OR site:etenders.gov.in OR site:tendersbazaar.com OR site:tendersinfo.com OR site:biddetail.com OR site:mstcecommerce.com OR site:tenderdetail.com OR site:bidassist.com),google_news_rss,https://news.google.com/rss/articles/CBMiiwFBVV95cUxQMzNQeXRHa1FfYUhLS1RKNW5sZ2VJaFUyUnFwRUlaOVZWdXFWSHFiSmdxVFl6Q3Vwd2czSVJXYnNoUEttVFh4NGpXWEVSQWtaUEEzc1l3RElWNGtkY2FwM0ZVRkcyNTI3REtHV0x3NUFINUpKSmdORUdlZGdjRUk3c3dVNThtNTJnOGg4?oc=5
* जसके नाम के प मGST/TAX इनवॉइस पेश कया जाएगा|GST / Tax invoice to be - fulfilment.gem.gov.in,2026-10-02,fulfilment.gem.gov.in,friction and wear tester tender (site:gem.gov.in OR site:eprocure.gov.in OR site:etenders.gov.in OR site:tendersbazaar.com OR site:tendersinfo.com OR site:biddetail.com OR site:mstcecommerce.com OR site:tenderdetail.com OR site:bidassist.com),google_news_rss,https://news.google.com/rss/articles/CBMiiwFBVV95cUxPa1NIZzBLcS1vcUs1RDZ0N3oxM1VIa01SSi1fb2xkOWNYemMxSjRDeDB3a3VrR3dmdVBTQ2RwbVg2eUtjbHJSNGlXMjREdGxFZ0ZCQUp5OFNDcndPaFJ4TW5xcHozYm5pcVBMU1NmWEczYzJUVmxKcGE3dXo0cm9zRnFkNlU4dWlJOVJv?oc=5
RFQ Document - fulfilment.gem.gov.in,2026-10-02,fulfilment.gem.gov.in,surface roughness tester tender (site:gem.gov.in OR site:eprocure.gov.in OR site:etenders.gov.in OR site:tendersbazaar.com OR site:tendersinfo.com OR site:biddetail.com OR site:mstcecommerce.com OR site:tenderdetail.com OR site:bidassist.com),google_news_rss,https://news.google.com/rss/articles/CBMiigJBVV95cUxNX180aW1uUFQ1TG5FdlZRdnhUTDFGRzg1aTRWUFFHUHc3S0NETVZLZTM5OFVFZm5tckpCZmlaWGhJUElPMW5pZS1OZmFLRk5sUUN6M1hvS2NHdlVCSUpGUkE4SEhnVUlIUEgtNzdQaWdpT0dTaG1LMW9xWGFYZ0pqdHBrRVJXZ3B1STJMVTdqQnhCOF9jY3Q3RXl3OE9QZ2NhamhUbV9odmVBTHBmdy0xZ05idUZzQkplZnNFWUc2dmtpNjVqbFhsU1draVhnNENiZ1ZrWm9MS1ZlU3ZXWjRyRXRCNllVeVlhb2lfWTdXM1FlRXd2NVp5Q29aQlE0bS04MV91Q3dsMFllZw?oc=5
Schedule of Quantities ITEMS ARE TO BE PROCURED AS A SET IN ABOVE SAID QUANTITIES EVALUATION WILL BE DONE TOTAL VALUE WISE. BIDD - Government e-Marketplace,2026-10-02,Government e-Marketplace,surface roughness tester tender (site:gem.gov.in OR site:eprocure.gov.in OR site:etenders.gov.in OR site:tendersbazaar.com OR site:tendersinfo.com OR site:biddetail.com OR site:mstcecommerce.com OR site:tenderdetail.com OR site:bidassist.com),google_news_rss,https://news.google.com/rss/articles/CBMirgJBVV95cUxPRUFES3Z1MGs2QjNZcnh1VGJLUmM5Szh2ajJMb2pRYThGNThMUWNMSlJ3ZnJQUG1FTWpYT295OGNteVQ0Zi1seW9qbG90aVBETlRZS29BVkp5VnFTakJycmlmQ2lsM0pMdHBmSmJpS1FKYzA1R2NQb2t0NkVaeU8zaHNtZGRyWndjTlpfYW1FelFIUmpNOW5pZVd5U3JsZTc5QjBkQTNncWRQUDlnTWdPZk1YOEFyTHZUbnAtV05wODZLX3NSd3g5d0RKRnF1RGU0VHFNTWM4ZkUzSFZSUlhYYUt3R0lFdk50aFhnNUxEbmlvd0VKZVdEd0E0N3oybEt1TmtlT0ZwblFrQ2ctOHR5dHk0djRIYlk5RUdzVnNWUnJLNnhJaXNQS3dPRVFXZw?oc=5
"information related to the tender act cell works, bokaro steel plant – sail - fulfilment.gem.gov.in",2026-10-02,fulfilment.gem.gov.in,surface roughness measurement tender (site:gem.gov.in OR site:eprocure.gov.in OR site:etenders.gov.in OR site:tendersbazaar.com OR site:tendersinfo.com OR site:biddetail.com OR site:mstcecommerce.com OR site:tenderdetail.com OR site:bidassist.com),google_news_rss,https://news.google.com/rss/articles/CBMijgJBVV95cUxNcGxuOF9qbUNCUTFFaHhZZ2lDLU1TSVdaS0RMSy1FNkNIN1pmS3hUbEpxaFN0QjRwVG9QQ3g2UEVQX2k0TTBxZjBkUmMtQ1JYQ2hhck9GVjNwZjRyaXdZdXJCdmJLV0EwazN3dlFYaG9kVE5PbjRPTm4zV2lXZlAwb3drc3J6bVJqTWl2Q3UtOXdkZzE0allGWV9Ua2VQRlA2UFJISGRpREF5MllJV1ZsWFRBWEd4My1LaGo3MFpXSkxjUl9VelJwTGJuNDA5TDk4VThmVVpYanRydkpydGVpYWhsY0hCN1p6ZTlQSk1kdDRkWEI1OHo0dDhmcWRVNHprYzFSeTBtcGRIY1NKbXc?oc=5
Signature of Tenderer with seal DRM (C&W)/Jaipur For and on behalf of The President of India Page 1 of 68 TOP SHEET - fulfilment.gem.gov.in,2026-10-02,fulfilment.gem.gov.in,friction wear testing equipment tender (site:gem.gov.in OR site:eprocure.gov.in OR site:etenders.gov.in OR site:tendersbazaar.com OR site:tendersinfo.com OR site:biddetail.com OR site:mstcecommerce.com OR site:tenderdetail.com OR site:bidassist.com),google_news_rss,https://news.google.com/rss/articles/CBMiggJBVV95cUxPeXlyOGtIaWszT2EyTzJLUTdVUlRYX21pVGZ1RktOdzV3WWRmOC1ibnJvRF83dWNYRzlycngyV2lRVlRkOHc0dzFXMXh5VjZVTG5uX0dIZEw3OUlxN3ZZOTR6LUpNY3A3RXh3MzBDdHNvNm9IbmRSSGhDallaWWRTN3lSVC1aSmZKVUZYYWh3Y3ktTW5PVkdCSEpPMmRTXzZ1cDgzTUpPYk81VklKN1M1X3N1ZEYwb0p2czdvVjZJLVdnMlBuelZ2TXYzU2g1RDNUbE1zNlE0Z1ZNb0lSM3hLNFphU1pSNzlYUXdJd3IxZkVaSGdlS3lJZGd3TU5ad3YxT2c?oc=5
ATC – Additional Terms & Conditions (14420) - Government e-Marketplace,2026-10-02,Government e-Marketplace,four ball tester tender (site:gem.gov.in OR site:eprocure.gov.in OR site:etenders.gov.in OR site:tendersbazaar.com OR site:tendersinfo.com OR site:biddetail.com OR site:mstcecommerce.com OR site:tenderdetail.com OR site:bidassist.com),google_news_rss,https://news.google.com/rss/articles/CBMitgJBVV95cUxPN293RFFHNzMwWmM2eS1SRXNiQ1RsQ3p1cnRYWW9uVHNtQnowUWtweUFSOEJIM3lHRzFhYW9YZmNZdUt3bXlCOFhaUWgwZ0ozM01YT2x3X3ZMelB2SFQ1U0VKTVZOeGtkMklhNzlOZ0gwTjNraGNhb0dKUHd6R3RUcTZfMU9hcEdyWGVMR09LYTkxdDhXdmhHazBzMWlGanV2bThSTUdNYmMyWHpyZ0pCZXFPTV80dHhyY3NFX2RyQjY3UlpBY21PdS03eVVieWNFQUlUblBEWURyci03X1B1WDJtLWs4dFV2UVVVRm0yLU1BYWlRSWY0cUZjc1ZvckM0akM3Z3dBZ2ZfVkJCNmx2VmpacUlTQldPazJDVzJzRDBvNzdkOWZwVUZFYlNmUUFFZ29nbXFn?oc=5
INTRODUCTION - bidplus.gem.gov.in,2026-10-02,bidplus.gem.gov.in,four ball tester tender (site:gem.gov.in OR site:eprocure.gov.in OR site:etenders.gov.in OR site:tendersbazaar.com OR site:tendersinfo.com OR site:biddetail.com OR site:mstcecommerce.com OR site:tenderdetail.com OR site:bidassist.com),google_news_rss,https://news.google.com/rss/articles/CBMihAFBVV95cUxPMXhYdnQtWTFqOEtqVm9xZ0pWM3ptaGs5M0F3SUZlMFIxZDA4Mm9yWHBUaWNOZWdSeC1QcVo5U05UT2ZYTDZxWHRPVnMwaWwzVDZMU2l2Mm1RbkIxVTdmQUU4bmFWeUhYLXAydzctdHI4aWU1Y25Bd3dCQUxSUl9MQktMNnk?oc=5
* जसके नाम के प मGST/TAX इनवॉइस पेश कया जाएगा|GST / Tax invoice to be - fulfilment.gem.gov.in,2026-10-02,fulfilment.gem.gov.in,four ball tester tender (site:gem.gov.in OR site:eprocure.gov.in OR site:etenders.gov.in OR site:tendersbazaar.com OR site:tendersinfo.com OR site:biddetail.com OR site:mstcecommerce.com OR site:tenderdetail.com OR site:bidassist.com),google_news_rss,https://news.google.com/rss/articles/CBMiiwFBVV95cUxQQ2tJdHUtV0VxMXFFWGNaU2tHTTNzNTc4YjBwWHhNY2Z5aEcwWFdnbDJTQVpKTVNMY0hVcGFRU0h5czdJcDRKVmtMbzREVXJ4ZEdNZmRrOVk5NDltRkdTcEFMLUNTMHZ0dW8wZ0M2aFdGbHdoS1ZpNWN1bXl1VWtURkVsOWhRZXlZVzJF?oc=5
Contract - fulfilment.gem.gov.in,2026-10-01,fulfilment.gem.gov.in,friction and wear tester tender (site:gem.gov.in OR site:eprocure.gov.in OR site:etenders.gov.in OR site:tendersbazaar.com OR site:tendersinfo.com OR site:biddetail.com OR site:mstcecommerce.com OR site:tenderdetail.com OR site:bidassist.com),google_news_rss,https://news.google.com/rss/articles/CBMiiwFBVV95cUxPTEpTU1FRaU8wNGZodXZUNTRjMWloM1JkZ2ZXd2JFVWhKOTlUOUtlTmJ3SG56cEIxSUt5SGJrOGgzWDNQZHN1bHowS0stOWZrUkZodUVhc2lFdW5CV0dISDdHVnJzRmswNE50bWJlNlU2S1pCTGw0a2tXclk4dnpYMG85eEk4NHhsWUlV?oc=5
Contract - fulfilment.gem.gov.in,2026-10-01,fulfilment.gem.gov.in,friction and wear tester tender (site:gem.gov.in OR site:eprocure.gov.in OR site:etenders.gov.in OR site:tendersbazaar.com OR site:tendersinfo.com OR site:biddetail.com OR site:mstcecommerce.com OR site:tenderdetail.com OR site:bidassist.com),google_news_rss,https://news.google.com/rss/articles/CBMiiwFBVV95cUxPN3lLSmdpV2UxSkN4ZllxTFZ6aF9FSHVyNWhSLUI4YV9XWHBQM0ZsUTNTUThsbDFXcnlUUDZKMDhkeUw2Y3VXZGxfYTFGbTNWcktCNHpVZ0p5bVV0VzlDSXdSNVRiMmNmVFVsd2JHa3dZTV95X3JsaVVWakx4a2NCWHhhRkpuMV9ZV0tz?oc=5
Untitled - Government e-Marketplace,2026-10-01,Government e-Marketplace,friction and wear tester tender (site:gem.gov.in OR site:eprocure.gov.in OR site:etenders.gov.in OR site:tendersbazaar.com OR site:tendersinfo.com OR site:biddetail.com OR site:mstcecommerce.com OR site:tenderdetail.com OR site:bidassist.com),google_news_rss,https://news.google.com/rss/articles/CBMiqwJBVV95cUxONE9aNklwX0VKdWo2WlBKaDV1VWZfMFU2d253eHJ0VVc4NmcyM3VoeUVqYUs5V3p3ZGtMT2UyX2d0SjNiYlFtQ1IwRFFUWnAzZFAtTnFJMnpYQWs5WGVlcjYxODdWQXdYZWN6N1JPWFNfazBRNGhCd3pKQUhDaWlwUWlJTG42QVlHU3ZrR0NOYmpPZXNHRzlSRlJTd1JaYTNMaThNWndEdEIwLTlad0ZibUhxVlZYd2V0UlBnYmR3bGtncXZIdXlhaElZeGQ5QTZ5U29xY1dVYXlESHd2NUN3OXpIZXRaMUtvVmo0UFZTRkRjR2JyUE9yakhuSkJPSGRBZFNwRXFzQkpUcVdINVk3LURLWERzNHZlWS1GTFlob2V4ZmlvcTBkZjRkaw?oc=5
Contract - fulfilment.gem.gov.in,2026-10-01,fulfilment.gem.gov.in,friction and wear tester tender (site:gem.gov.in OR site:eprocure.gov.in OR site:etenders.gov.in OR site:tendersbazaar.com OR site:tendersinfo.com OR site:biddetail.com OR site:mstcecommerce.com OR site:tenderdetail.com OR site:bidassist.com),google_news_rss,https://news.google.com/rss/articles/CBMiiwFBVV95cUxOQTRLV3N1VWlQSGRHSExsNFZWc3pvZlVoREtQb3g1WGhkMVAyWnpmWVZseUY4T19oeWhiaHZlMTRpY2FmRG44TG5rbXlJdnlsaHVhYWFrUDcxSWY4MmVDNl9GS3JqZ3BWcXk5blNFdnE1Q0hfeV9NZHptT2pjUVJKRmpyT0tqbGZTMzJR?oc=5
अनुबंध ुबंध|Contract |Contract - fulfilment.gem.gov.in,2026-10-01,fulfilment.gem.gov.in,friction and wear tester tender (site:gem.gov.in OR site:eprocure.gov.in OR site:etenders.gov.in OR site:tendersbazaar.com OR site:tendersinfo.com OR site:biddetail.com OR site:mstcecommerce.com OR site:tenderdetail.com OR site:bidassist.com),google_news_rss,https://news.google.com/rss/articles/CBMiiwFBVV95cUxObHJOUkxLdnY4cGZHVnBRcTlYUmRPaXdkanVXMl9PdkkxYVZOVUJVWS02blJlTmo1MUl2bjd3QWNNVkIwMFlLQi1QS1hScVhCLTFGV21PQWZ6WG95ZkVvaEdwUVZzVDdTcDFWQlg4eWEtOFdWZExDZWtxZWlWUENxQ3VrOUVjcTB2OEcw?oc=5
Untitled - bidplus.gem.gov.in,2026-10-01,bidplus.gem.gov.in,surface roughness tester tender (site:gem.gov.in OR site:eprocure.gov.in OR site:etenders.gov.in OR site:tendersbazaar.com OR site:tendersinfo.com OR site:biddetail.com OR site:mstcecommerce.com OR site:tenderdetail.com OR site:bidassist.com),google_news_rss,https://news.google.com/rss/articles/CBMihAFBVV95cUxQYnNNLXJmUXFxRmE3amJ4akRldFBXeEt0V3V5R2RiMGdCblVSQ0RZbW1UMDFqSTZWRkFwa0JYUHNVZDFDaXB3Vk8zV0FyVW9ia2ZlRzh2Zm1UZW9BN0JoT1IyTzVVZzdzYzFNNmVtbmt2TE95VlhGVW1LaHNNd2JYS1E0ZU8?oc=5
Untitled - bidplus.gem.gov.in,2026-10-01,bidplus.gem.gov.in,surface roughness tester tender (site:gem.gov.in OR site:eprocure.gov.in OR site:etenders.gov.in OR site:tendersbazaar.com OR site:tendersinfo.com OR site:biddetail.com OR site:mstcecommerce.com OR site:tenderdetail.com OR site:bidassist.com),google_news_rss,https://news.google.com/rss/articles/CBMihAFBVV95cUxOUzVlWXNUaUpaTXBIeWVtS1c0S3lISTNfVDRiNVFEV01uY2hHWmVRUHhrSktiaGtNS2pxdnZiUHVtMHJTbDlCQWd5VGMwZFp5NjAxamdlU2ZrNHppODlOVUN0Wi0ybTF4Q1g2ME5ZUEQ2YXpmZndiRXo1bjJlUVAxdFR2SHQ?oc=5
"TENDER FOR SUPPLY, INSTALLATION & COMMISSIONING OF BOTTOM LOADING ARMS WITH RACK MONITOR AT TLF GANTRY AT BPCL MYSORE DEPOT - fulfilment.gem.gov.in",2026-10-01,fulfilment.gem.gov.in,four ball tester tender (site:gem.gov.in OR site:eprocure.gov.in OR site:etenders.gov.in OR site:tendersbazaar.com OR site:tendersinfo.com OR site:biddetail.com OR site:mstcecommerce.com OR site:tenderdetail.com OR site:bidassist.com),google_news_rss,https://news.google.com/rss/articles/CBMiiAJBVV95cUxPb0VBdk5JRks1cDdZX3Y3SW43OXQwOXh0NnBmaUtFYjFFaDZOeVZhYkNiVUZDNkZSMHVZeUhoV1JBQTYwS1UwQjdYazBPRXN5MWduTzlqbWNLaUFzOFBraXdnUHlTRmRnaEJDdnhkUWM5Q2lZZU85cWFlQTIwT0lGdE96cjdyOVhFbnpSMHlkVjVmMXgzb2hKNXR5WThXa2xJYXJCWnBLM1B6aV9OQVR1M1lVVDAwZGhJWWJ2UndjRlFOWE5yT2RSNUdhTUREYXBIMWRrcU1sVWFRc1BzVXVhXzJYQkQtaWY0VUxXRVp4ZEdXTko5RG90aWJFdUV6SFZzb2hCRWNCRjg?oc=5
Tender No : RCC/ PT /………….. Supply of “Methanol for Industrial Use” conforming to BS Specifications BS-506 1987 Part - Government e-Marketplace,2026-10-01,Government e-Marketplace,four ball tester tender (site:gem.gov.in OR site:eprocure.gov.in OR site:etenders.gov.in OR site:tendersbazaar.com OR site:tendersinfo.com OR site:biddetail.com OR site:mstcecommerce.com OR site:tenderdetail.com OR site:bidassist.com),google_news_rss,https://news.google.com/rss/articles/CBMiswJBVV95cUxQV25DdmFlSm1hVHo4NDBaSGM3UG9MaWJ1VU5fUm5oX3dxcUNVcUpXNFd5WlZwUmJHTHZyMnRuTGtNTnlyV29sZ3dEOGtUWVkteXN3REkxNjk5djJ3eVl4cVYtWEFXTjFWSDVZQmtHU2tFdC1TcmptUVljOC1jRHpCR09jUlVUR1dWUnU1ZVJjOGZ6VVNuQ3pJUXBhSEdRNkx1eFZrMEZLTFRDdnZNakU1SWN4QklKa1RVaHdGRndHMGRsc1h4MFFJLWxNeW9qYkhXbG5lb0tvYmZwc3FyYkZBVDZSU1FFajVoTG9Mc0ZNbElvQl9HcVRlRzh1bkJmRzlXTzFaMFZLd0hNdEpUbXYyVHc3bXBaOFgtRmtsWmJ5TFI0VmZkS085YlpLM2NnaWlheEVV?oc=5
Tender for Supply and Installation of Various Item as per List Package Bid) - Government e-Marketplace,2026-10-01,Government e-Marketplace,four ball tester tender (site:gem.gov.in OR site:eprocure.gov.in OR site:etenders.gov.in OR site:tendersbazaar.com OR site:tendersinfo.com OR site:biddetail.com OR site:mstcecommerce.com OR site:tenderdetail.com OR site:bidassist.com),google_news_rss,https://news.google.com/rss/articles/CBMiywJBVV95cUxNT0dxemZtUWV4Q3ludnU2amVJek9lYzNiT2p5d2xNd1UtSHNKUVdSV0NUWlZzODY3c1BPX1pSaU5RVkEzWG9EOWxzTjJ0bXJpU2Q5a25SWkVhRWsxNl9MREtwZTRWZFpEUS02bWZzR1hyYmZTT0dtcnZSRnJKd2Yydy04VEVQQVRqVkQ0eUowbFZ4a3NhZndUaWxCa0czT1piRWhaTTVSMjdJWGJjTUxNY3pBSEVHZ0UzZGkxZ291WXp2MGZiZWNUZE9RWFRSMlh4TmI3NXhEdUVQSzRvNXdMV0pBOGZfYjBpalVSdmhKcnJBNDVTZVRpWTJjWmwyam1IRDlEX1Zad0FFQ1U1blQtVjRrLS1iN1hwUjZSdFlqNFdfeDM0b1JyczhrN3BTSWhKRFhpNHVTTU4wQU1xWTJiSUUtbGJGdE5faWpB?oc=5
"Bid document Haryana School Shiksha Pariyojna Parishad, invites GeM bid For Procurement of various Stationery items as per the m - fulfilment.gem.gov.in",2026-10-01,fulfilment.gem.gov.in,four ball tester tender (site:gem.gov.in OR site:eprocure.gov.in OR site:etenders.gov.in OR site:tendersbazaar.com OR site:tendersinfo.com OR site:biddetail.com OR site:mstcecommerce.com OR site:tenderdetail.com OR site:bidassist.com),google_news_rss,https://news.google.com/rss/articles/CBMigwJBVV95cUxPcUJPTFFINXBZdm5jN0xMR2RQdFdHYWdRVU9kN2lXLVAwQ1Y0VlhHSkhGUkpianJvcE1fMFdDQ1B4X1hWZ3JEUnZYWlNzQ0cyZFdNNVhGT3NTZ241bEdtY1lYcmQwUjlxWWNzbzhmLXdhN3BaMk5hdWExZ19CYm5HRnh0Ums4Y01JS0ZtQU9kcG52WFVSdEdSRy10RERDN1VGWkV0NzZ5UXVhcTE2VUtHUHBtMzlsOE42NDVPVnBqNHZ3MTB0Vm9rcmxzcmdoSkJ1eVpZWHhoVU5DYzhVaUZ0MUEtd2tTdWh6WEJSd0JLUUFXcHpJOUtDbU1POFF0bU9GU2N3?oc=5
ANNEXURE TO TENDER NUMBER DPS/MRPU/1/4/10463 Technical Specifications for the fabrication of EXPERimental setup for validation o - Government e-Marketplace,2026-09-30,Government e-Marketplace,friction and wear tester tender (site:gem.gov.in OR site:eprocure.gov.in OR site:etenders.gov.in OR site:tendersbazaar.com OR site:tendersinfo.com OR site:biddetail.com OR site:mstcecommerce.com OR site:tenderdetail.com OR site:bidassist.com),google_news_rss,https://news.google.com/rss/articles/CBMiqAJBVV95cUxOT2Y2aW81MlkwQTRUODFwUnRBLVRoNUhKVTh4b3BVZVBnRlhCbUxtVFoya3VqTV9MM1BzSWFadmFoQTRPZmNPem5RTzF0cUJneExkOURpUkhYSWxLNUxnNmI0ODVrdkNlQXRNaWhPVnh5NzI2YmlDUG0zR0JtN1RVRVNYd0p6bkJYNXRhR1dMZTU3NUpER3UxZXNqWl9pekt6OU15QXBOWWlyOEo3Yi1mV292OWhVNjBGcS0xYVNoT0xkampLTko5bEQ0QWNXdTNPaE50RERzOFdBclhkOEFkcjVoSW9mUng4VXRsaFhMdGphZFBKRmpxZFc4YTdYSVVVcEhFenAtWFhFU1U3QlNBLXA4WkVKREZFWEdTSlBlc1EzZ3hxQnZjTw?oc=5
Contract| Contract|अनुबंध ुबंध - fulfilment.gem.gov.in,2026-09-30,fulfilment.gem.gov.in,friction and wear tester tender (site:gem.gov.in OR site:eprocure.gov.in OR site:etenders.gov.in OR site:tendersbazaar.com OR site:tendersinfo.com OR site:biddetail.com OR site:mstcecommerce.com OR site:tenderdetail.com OR site:bidassist.com),google_news_rss,https://news.google.com/rss/articles/CBMiiwFBVV95cUxQSlFMMTZWLWRzT0JXMVRkak55dVctZ1J0ZW5GZ1dYWldfdGVuT3Z5bjJQbk0tYXJvbll3bWI3ZEJUMWJqckJaYmViVmwwUEtLYjNkUEs1UnBHekE0anQ5RnNQQ1VaSC1BUGxMUGdHdEVBQ1lUaTJ0UEIwMndzaUNCWGs3LXlLV0VxbmtR?oc=5
SCOPE OF SUPPLY - Government e-Marketplace,2026-09-30,Government e-Marketplace,friction and wear tester tender (site:gem.gov.in OR site:eprocure.gov.in OR site:etenders.gov.in OR site:tendersbazaar.com OR site:tendersinfo.com OR site:biddetail.com OR site:mstcecommerce.com OR site:tenderdetail.com OR site:bidassist.com),google_news_rss,https://news.google.com/rss/articles/CBMi0AJBVV95cUxQTWRsYXdmWGhUUElRSW1zSS1uVmRLakhKLUlXZklKUnlTVmVzU1Zud1prbFpzS1hiVVlsNWVKcnc4WGw0RWJmbENhbWc4YXBzYUF1dWd0emRHRldqdHNtY2h2UUJLUXN2LTJrM3ZWek0tR1JWb1NreFFOdmZCS2NlUG1rLUp3SHJraHNuaXVnOXdBNXJYSmJneTF5STdKNFoxWHJrbU1PZm8zbjYtc1B3NzBHdC1CSTNVaEtGVkFfdWVvUlNmSW5xaTlXRUlzUkRyTDFxOUhpMzJ2czlKQnhuWnAwb3djZ2M5Q3U2SEJ1amlUcGl0ZEcxTnI5cDdnNHBnN0FQNkVnLVNsWnJ6MWJfY1FRSVk4QjVWY2pTcEV1MnVDb3RuOUIxZm9IQXcwdkNDamxwcXhaYkxtUlZpaEN6bHRTRU5KaUZKWmkwdFhnaTQ?oc=5
S.(::. :::¥?::::oN S:E::;(::::ERN %:Y.:::: U|:: Prlc:;::|t ::i::!§: R - Government e-Marketplace,2026-09-30,Government e-Marketplace,wear testing machine tender (site:gem.gov.in OR site:eprocure.gov.in OR site:etenders.gov.in OR site:tendersbazaar.com OR site:tendersinfo.com OR site:biddetail.com OR site:mstcecommerce.com OR site:tenderdetail.com OR site:bidassist.com),google_news_rss,https://news.google.com/rss/articles/CBMivwJBVV95cUxQOGJSRy1XckpkVE1CLWt0VkJHMTdiNkw3RFY2ai1tTjdMc0JrcmZSd01feUx2SVFhdURNaU5fSXJMUUhQMzVncGpIdVhsWmpuSWZJbEVIZHBBV2pvMGYyTDItdDFsSHJoMWpyRkt4QXA1MlppMHJGR3lBU0FqT05PRnkwdUQtVG4zX2N2WlE0Ui11UnFoTWYza0Yxd3dndXNhejJsOEtJbm9hRlFFU0pfRlU4V3ROLTJNblFTTUxVVmdMOWw1dDBMalppc3JfeGFZcWxVNV9mQzVEMDZvdG1neWNNU3V1Q0pKTmdmMFV1S2o2LTVzMjFlVlBUVkV5YXNQNW5LbElVNW1xekRDVDJUUnVIRF8xMTIxeUEtSWk5SWwxeFVwMW53bnY0WUZzMmZFSG1IcF9BanlYVVNIcHE0?oc=5
"Annex. „1‟ Specifications for Fabrication, Inspection, Assembly and Supply of Radio Frequency Quadrupole (RFQ) Structure - Government e-Marketplace",2026-09-30,Government e-Marketplace,surface roughness tester tender (site:gem.gov.in OR site:eprocure.gov.in OR site:etenders.gov.in OR site:tendersbazaar.com OR site:tendersinfo.com OR site:biddetail.com OR site:mstcecommerce.com OR site:tenderdetail.com OR site:bidassist.com),google_news_rss,https://news.google.com/rss/articles/CBMitAJBVV95cUxPSjZMbklFaGN0eTJoTkVfM1JNLU1iRmx1LVlMYXZ4ZEdxYTNGQldXbjlMYnRCZHNRWXp4TDFlaTlTbjRXNGtFNGw4YlMtNXgzV2lYUml0TElLdm1JOFYwQVRZeU9TdXpmV2ExdjlZRjloYzVLblp6MFJzMU9SUmpvU1hBQW5tZHAtT2c2cVUzc3p0MXRreS0xTmxEVUdYN2JVckx0b2hyUXVkcXdraTlyTVdyYlBPTUpFVHpsRzVBLXFYWnBERDBtUlJUU3JoOFhnLTE4VVEyYjN1RlRGZ0E2UUFKOFBhbFhaV1RXVHVaRjd1U3laWmRPSkNMTDhwRTl1clBEWWUwSUhDRHBGNUI5S2NKNGUzTF9OYWdkRUhsM2FTRmZ0QXduY25NMWJrSkFRMjVxOA?oc=5
Untitled - Government e-Marketplace,2026-09-30,Government e-Marketplace,four ball tester tender (site:gem.gov.in OR site:eprocure.gov.in OR site:etenders.gov.in OR site:tendersbazaar.com OR site:tendersinfo.com OR site:biddetail.com OR site:mstcecommerce.com OR site:tenderdetail.com OR site:bidassist.com),google_news_rss,https://news.google.com/rss/articles/CBMirwJBVV95cUxPeUJuZmxhOVZxLUhKLU1MZmh0R3NPMllhcUJGMEFFbTNXcjVla09LWkJYMnFPUmlSNG5DTjlMckdENjFtU28xN3pSNlhsSlhOSDQ0ZnNMbFB0c3VwdzlpdHlPSG1oY0dJOWtTUUI0bnAzVExfOGtjQmx2dENnX09FSHZjc19vQkRfTHA2SjVYZ005MEd5OWlWU19JZ1ZyNmFNYmFnaUoxemkyeTI1QjNlOWtHMmFyNnYwQy1oMkQ4dzdyYjJZUEFPeXp5S25zb21BRHBJa3lNeXVnVXZsc1NhZWw5cXhabGxnQmhKTFVXZGwycE9KeExnZ1Jtc1VjR1Jnb1BZRmNHdWgtenUteUFBWXBvWEZXX3FndjRlN0l5Y0FJTWNBMU1QRk0yRnlnZVU?oc=5
• Bidder shall upload a duly signed and stamped copy of this ATC as a proof for acceptance of additional terms mentioned above - Government e-Marketplace,2026-09-29,Government e-Marketplace,friction and wear tester tender (site:gem.gov.in OR site:eprocure.gov.in OR site:etenders.gov.in OR site:tendersbazaar.com OR site:tendersinfo.com OR site:biddetail.com OR site:mstcecommerce.com OR site:tenderdetail.com OR site:bidassist.com),google_news_rss,https://news.google.com/rss/articles/CBMiqgJBVV95cUxNSEE5VGJ6VFRJY1I4X3JwQkxtclVkajB3RFQ3dURRVGRkb0VZZENWXzFjcl90MFBtc0daaWNkdnpZblNqb1N5QjRiUTV6ZnVqcTVXWktWQU9yR1YyXzN5bjJOQkFuTGVueEgydi1uYUpvRVlxUE43c1NxeEV4T0RfMTRuenM1djgyZ2RLdk1JSmw4b01fbGtmbWdFbmx0SXJvNUNJbUQtaTZjZnlreHNtbnY5NVp2X0pLLVNxaHJJdU5IVHN5aHZ6Ujk5QVpFa19lNkZwZWdFYkhHWGo0dEF0NFJRY0daWk1UQUZYTlJ3ZlJiVGNHTW5QSWNBYUFobm5BaWRZYUxBS3JnVUJ6VTMtdWFyTTVsY2VDTHZKRTlWRDlsWkRsOUtPR2x3?oc=5
SCOPE OF SUPPLY & TECHNICAL SPECIFICATIONS OF TENDER SCHEDULE NO:- 1A UOM:- EA (Each) ITEM DESCRIPTION:- Tail Gas Analyser a - Government e-Marketplace,2026-09-29,Government e-Marketplace,surface roughness tester tender (site:gem.gov.in OR site:eprocure.gov.in OR site:etenders.gov.in OR site:tendersbazaar.com OR site:tendersinfo.com OR site:biddetail.com OR site:mstcecommerce.com OR site:tenderdetail.com OR site:bidassist.com),google_news_rss,https://news.google.com/rss/articles/CBMitwJBVV95cUxPWmZiUE44UnBQWTNIYVJrTTVNa1A1M01pV2ZMOG1yUkhWWkVlVWxSZ1RDX1pPSXR5dkJ5Z3lKSDhZWFBPQXRENV85ZXBPTGMyZVk4c1VfcllSR1J2bzhpT1FOaFQ2NEM2TXQzZVVBM2h6T3ZXYVBPbGt2dHJxS1FxVU5sRE5UYXVTalIzVVBiZ3ZnMTl2Ymo0SThfRXhNNmxiZWJpSXREOXVTN0F0VGIwOXYtU3lwa1pUTzNNcFJfcmxYd3ZHRl9mb0prT2RBZ0JjX3BaTVBHenVvcWIxTGtXYXo0bENOY3M5ak9lblZmZVZqRDZPV01rRGF3UlBUcy1HNFRoblEzYVhpQW5zUFp4QWFHSmxNVVJYQ0kyU3dIVldYT0tPQ19CTElXQUlYWks0SnppbnlGWQ?oc=5
Checklist of Documents for Technical Bid - fulfilment.gem.gov.in,2026-09-29,fulfilment.gem.gov.in,surface roughness tester tender (site:gem.gov.in OR site:eprocure.gov.in OR site:etenders.gov.in OR site:tendersbazaar.com OR site:tendersinfo.com OR site:biddetail.com OR site:mstcecommerce.com OR site:tenderdetail.com OR site:bidassist.com),google_news_rss,https://news.google.com/rss/articles/CBMimgJBVV95cUxPdE1KbDNjS0RPNTRSVllmVzVnWl90WUt4TjFicHFjMFZxaEhZcmRIRWtXMHZwVzh3Skl5NlRwTGtEbXZIeXA2bFBHWkJBclRlRmlSMmNoQUZwRFZsUDVUNDJZUkdjdzFDVWJoM09nOFB6VEJUb0pzNVNScGdYYlVKUjdXNm1WbDJxY0hFMTVsaXdqMjg3MmpKbVdLd3NkODFGR2M5dkxMUVBtZUlhcER1ZTd2ZEdieFc3U1EzVjhKLTQ2SEVRbFV1NkJyMGtWZjdtN0Z3QlhqWnlmMWx6bVZ2ZEtxLTJHejdXOVRUcDF3QnB5Qm1YbmhqbFVqZzRqUW1faHliMGhWSDdvS3U3NTBDRGRCSi1BeTYxcVE?oc=5
S.No. SAP No. Descrption Long item description Qty ( MT) - Government e-Marketplace,2026-09-29,Government e-Marketplace,profilometer tender (site:gem.gov.in OR site:eprocure.gov.in OR site:etenders.gov.in OR site:tendersbazaar.com OR site:tendersinfo.com OR site:biddetail.com OR site:mstcecommerce.com OR site:tenderdetail.com OR site:bidassist.com),google_news_rss,https://news.google.com/rss/articles/CBMiwAJBVV95cUxPXzF1MExtMHFJaldtQ3VuVnNaSThPSk5YU3FXV3RWSXBXY0ZCS2lwblNyUjlZUTFpaDBIWTZjVkRRd0p0THc2N0VNTUV1NkJHbzY0SEl1YWVMWldRbGdvb1FtazRBVFFEc19RVmZIZUR4aTJ0ZzZ0WUZJZlhMc0JlZE1nUGZiamxrV1VSZVFfV01PbDJ2aTQtQ0o4aGx4TzNLcVRySXpJeXBKSVdrdFBJeWhqZ1hQeU9GZkRoNXlicXRWa2F6VHFOdGQ0MTg3NWhNQk9tS0s1SHNCRm53M1lidWM0NW5TdHBhSEVZWnRhb0hiLWJob3o2ZEtWZ0kwT25KNGptdEV5Smw4RXdhZVYyenI3d2hlZjVaMnVObUpkODkteUlHSUlOYklUYVBnY3NNZ0pvREVHcndfWUN0MTFTLQ?oc=5
2” Ball Valves Supply-VVSPL INTRODUCTION & SCOPE OF SUPPLY - Government e-Marketplace,2026-09-29,Government e-Marketplace,four ball tester tender (site:gem.gov.in OR site:eprocure.gov.in OR site:etenders.gov.in OR site:tendersbazaar.com OR site:tendersinfo.com OR site:biddetail.com OR site:mstcecommerce.com OR site:tenderdetail.com OR site:bidassist.com),google_news_rss,https://news.google.com/rss/articles/CBMitAJBVV95cUxQYzBmWWV0cDVoWkprTzQ4T0hja2doSUtNZEViaTh3R0tmZjFMdFlLaXFscmZ2bEpvbmNSMTNld3d0a2VhaEJOekgxekthZGhYaW56WHlNUlJndlFob0lhUUVkdDhHcmsyNTRqdFlySXA3TXBmdmY2MUROYXJCQlB0dW5nOVFrTUNNSVVIMmtTLVk1QzNYSjR5LVg0TW9NVGExd0dSaTdhbjg4OE5FTFFrcG5ZdUFEVXVzWXBLWmFOblRhSXYxWEVLOTZ5ZnM2blRKZWxGb21CSnFtckVxNVJHN1RQdEI3N2RJZHlPYjBQX2I2dzNlQmZRdXhPcDFBaXNwbnNpMXpZbjFTQndCZ2RmZkRYc1FlbEdTT3VoSTBEcHFSUkpqaDJiMkdKdEIyQjRVcWVwZg?oc=5
CORRIGENDUM-II - fulfilment.gem.gov.in,2026-09-29,fulfilment.gem.gov.in,four ball tester tender (site:gem.gov.in OR site:eprocure.gov.in OR site:etenders.gov.in OR site:tendersbazaar.com OR site:tendersinfo.com OR site:biddetail.com OR site:mstcecommerce.com OR site:tenderdetail.com OR site:bidassist.com),google_news_rss,https://news.google.com/rss/articles/CBMiigJBVV95cUxNU1lPOUtYOHl4aEdxM1pYdmNTaWt4VkxsQlJuWkUxdzB0TnhTcnFnMkl2cVk0d2lNRkRMVHhYRlltRWM2NFV4ZnF6blcwaEFETmZIRmFMV0VNMFYzMzZQZHlTdW43eTJvU01BWmtTOGNxLXVDV2NwaldhSVZiaU9QRzVEbEV1VDJvSFJvYXpaa3g2Ri01VHVvcXB4UXUwUU5fTnZxOVV1RWtnUDc0bV9BUjlxajNrZjBOZHJOMDRMaVBOc0hhLVBXMlRfQkEwN3N1SV9kaUtLLTdrdGpKTVFKMkNqNVZRb09peUctU0lvWGliQTNQTFhKbGJ4UW43QWN6UWpjRUdQWWxyUQ?oc=5
Annexure – C: Technical & Functional Specifications The bidder needs to comply with all the points in the technical specif - Government e-Marketplace,2026-09-28,Government e-Marketplace,friction and wear tester tender (site:gem.gov.in OR site:eprocure.gov.in OR site:etenders.gov.in OR site:tendersbazaar.com OR site:tendersinfo.com OR site:biddetail.com OR site:mstcecommerce.com OR site:tenderdetail.com OR site:bidassist.com),google_news_rss,https://news.google.com/rss/articles/CBMi0wJBVV95cUxPOVc5MnBTSmtReXBaei1KMjhfUFFxNVlIbl85bkppUTRRLXV5aXNyY1R3U2I5cTNka092a29zeHU1MFZubmJYdlNnMUVwY0FjdFlBQ0ZrODVJb2JNZjN0OUhDZkdLOEJQWFFXUUlvanRCWUNPQkRUVmVveXd0c0RPc3RwQmVkdVFDY21GZTV1clBZSkgtaGxubVdZdllicHNacG4wVndhd3dkY2hYQ3lhamtKTklnUk1Ed2J4U285WG5PemZxa3pJZ0U5QkxTbmIxVG5xTTZqc1ZyY082Y0x4cDFDMzhYMV9HRm1QVU9KWlZiamFuUVVmcGl5dVJhbXdRX0JkZXhLU3h3RVp1cXFBcmNPckpMeHB3YlphVldzbVhXb0NoZVIwbVF1N1l0OXJwanNWMk1GMXdVbmJqdl9uakNjREhzdWtVcVhkN29OMnA5SDQ?oc=5
eProcurement System Government of India - eprocure.gov.in,2026-09-28,eprocure.gov.in,wear testing machine tender (site:gem.gov.in OR site:eprocure.gov.in OR site:etenders.gov.in OR site:tendersbazaar.com OR site:tendersinfo.com OR site:biddetail.com OR site:mstcecommerce.com OR site:tenderdetail.com OR site:bidassist.com),google_news_rss,https://news.google.com/rss/articles/CBMipAFBVV95cUxOLW1IVEtaQjlmLTZCSUZkalplVTVYM2pqWnQybXFBVUF6Ty1kN3ljZEF5Y2VNQ0FnX2NYbjJBcGZra1pETW5NUDZpbURkQzV4TXlRNjliOGhxRkYtZXNnVW1ubFdsQVdlcXFZTV9FTWxQU1A5U0Z6M3lqUjhOSXhQZVIza0dnWm5JTDNqLXlWY2pxM1dOOXZueFVFME95Y1FIWlBmWA?oc=5
"TENDER DOCUMENT FOR REFURBISHMENT OF PLANT-210 (SRU) SWITCHING VALVES AT CPCL, MANALI Tender Document No.: CPCLV25426 TECHNO-COM - fulfilment.gem.gov.in",2026-09-28,fulfilment.gem.gov.in,surface roughness measurement tender (site:gem.gov.in OR site:eprocure.gov.in OR site:etenders.gov.in OR site:tendersbazaar.com OR site:tendersinfo.com OR site:biddetail.com OR site:mstcecommerce.com OR site:tenderdetail.com OR site:bidassist.com),google_news_rss,https://news.google.com/rss/articles/CBMiigJBVV95cUxNSmw4UDZya1ZBd0Z6MnAwZV9OMXZWY1gyUlZ0d1dtMVdYaFplWU51Sm84Q0l1NG1RR0Vlc2lkRWJSVl95eENuVlBEWlZ1Q0VlSndsYWJzUHhsMjJILVQ2MnBLQjhySG1UbGlRSzR0Nkgtdzl3MG1wVUcwTF9DcGNPRm5DNElFelZKNDZkSXZyOEp3VmhieWktdUd6WUJSSklVUUE2QUVVTFBIRG95bXBRcVNILU5OTVlGR0JiUkFaMHlKUElST3BOUHZPQ1RvQmRLNVhDckl1dmVVTHJKdUljVmVWajFDZEV5WkZNb0xReDd5WGdhQVJtekhJaTV5RWhLX05BbnUzbmI0dw?oc=5
RESEARCH GRADE RHEOMETER SYSTEM - Government e-Marketplace,2026-09-27,Government e-Marketplace,tribometer tender (site:gem.gov.in OR site:eprocure.gov.in OR site:etenders.gov.in OR site:tendersbazaar.com OR site:tendersinfo.com OR site:biddetail.com OR site:mstcecommerce.com OR site:tenderdetail.com OR site:bidassist.com),google_news_rss,https://news.google.com/rss/articles/CBMiwwJBVV95cUxQd1BlWFVweG1ZZmhDbC1DT1BDMmtRZGl0U2pza012eVpCSmp0alkzdlV4SWJrNmN1VWJUYm1FbXU1cmFBSGRtNDNVa09ob3RwYm90Ym1CZzdtbDZBRk9oQ2VITGhTRHZ4UlFUMFNQdkc3QUYtbjFLa0wyQUkyMFJfYkpBMjJkWDlhLUdGcXRZdG03VTEyVjdWMUQ5V2Q5UFY4aWpzWWJveFM0Nmp1TUpVME1VQmdjcG1KNXloRzNiWXQwaUVTU1FiMThZTUpWRFRQNTBGQmlpY2ZaS2h2bDJZVFk5MEtlYkd0VzhJdVRLUXlmUzBoek5HM3VJRmJZZ3hTUHk3STlDc0xYZkE5TFdSSzBYNElmY3B4VFYydDQ1Vk4wXzdNM2xYOFJ2U1UwREdFbF9lenVSTlEyUzN3cS1wU3NiRQ?oc=5
"CUSTOM BID DOCUMENT “Supply, Installation, Testing & Commissioning of 5.5-meter FRP (Fibre Reinforced Plastic) boat with 6 - Government e-Marketplace",2026-09-27,Government e-Marketplace,wear testing machine tender (site:gem.gov.in OR site:eprocure.gov.in OR site:etenders.gov.in OR site:tendersbazaar.com OR site:tendersinfo.com OR site:biddetail.com OR site:mstcecommerce.com OR site:tenderdetail.com OR site:bidassist.com),google_news_rss,https://news.google.com/rss/articles/CBMixwJBVV95cUxPUGx1dS16MElTV3BMWWFEeFBuVk1Ma0p3MUdkN2VTcXRBandJbkZTMTNOZy1wQzBLZVF2ODFkc1lzeXlvX256djJwX1JUOTNobGJkU2FvbU9rbFp0NGRTbEZKVDhMdWlxcl83SnZETkNBYXZxVWtCaHM1c3c0UkY4V0lBMnE0a0F1M3JqS0lka0ZON3o3RkY1aUdHLVFJR1Nmb3VGTDh1M2J3Y1ZHSGRtQTZZQzdCMUxUaFVWYThHRWw4N000RnRveXI5RnhxZ3c2VGJKWWhEX180OGpBX01qeVBUcTY1dE5vY1ViS3NrUFZvS1RZVXhIQmgwT2MzMS1UTThPTVJuTVFzYXFnT1RzX3FieGpvQ2cxZEVfUHdWNTEyalFGQ25UTS1QNXBKNzJhT1dOQ1pGWmR6ZmZKaFhBdVZlcEVkY00?oc=5
TECHNO-COMMERCIAL COMPLIANCE STATEMENT. - bidplus.gem.gov.in,2026-09-26,bidplus.gem.gov.in,friction and wear tester tender (site:gem.gov.in OR site:eprocure.gov.in OR site:etenders.gov.in OR site:tendersbazaar.com OR site:tendersinfo.com OR site:biddetail.com OR site:mstcecommerce.com OR site:tenderdetail.com OR site:bidassist.com),google_news_rss,https://news.google.com/rss/articles/CBMihAFBVV95cUxQNUV4bGV3cWRBM3lVWXhsZDQzRVR1N2ZrVUt6VkE3Rm5kOUh0c193c0l6Uk1PUmZURnZ0Y3RTMTZJMHhhQ2dxclhUNHFJVWVET2toTi1OVnRDaDRHeWFDQXhuX0cwZGh2OGhNMTdPYW5iOTJNRm9mT0ZfOGlEYlpZMDZXeFc?oc=5
New Casting Facility – Tender Document - fulfilment.gem.gov.in,2026-09-26,fulfilment.gem.gov.in,friction and wear tester tender (site:gem.gov.in OR site:eprocure.gov.in OR site:etenders.gov.in OR site:tendersbazaar.com OR site:tendersinfo.com OR site:biddetail.com OR site:mstcecommerce.com OR site:tenderdetail.com OR site:bidassist.com),google_news_rss,https://news.google.com/rss/articles/CBMi_wFBVV95cUxOZkxpVzluSXVKWEJyZ3RVWDdILWhVVFg1Sk1WOUduNUZKN3pDY0ZHWmREUXZZRDRwTjhqVXp0ZUhuLXRnbjJ0SG1lUkg4TXI3akRyNU00RUZCWUMxSC1SNk5mbHFPdF9CSWFHVFo3VWg1dFJ3cjI4VlFrTmRUMGZrcm1seTZoaVJ0Z2VhRHA0cDNqZGNYb25BUEZhUWFQb0RRVU5PSkYyWkV4NS14WEpFOFg0dFV3UzlkZGtDTHE2WVRRSXRmUmZCMmZVNzhPTzlxX3lsTndGZmRrMmU4ZFVFZXljQWl2M0VvT2RTNnhnQWk3R2QyaGZnVUNsbkJnSXc?oc=5
BAND SAW MACHINE SPECIFICATIONS Annexure-I - Government e-Marketplace,2026-09-26,Government e-Marketplace,friction wear testing equipment tender (site:gem.gov.in OR site:eprocure.gov.in OR site:etenders.gov.in OR site:tendersbazaar.com OR site:tendersinfo.com OR site:biddetail.com OR site:mstcecommerce.com OR site:tenderdetail.com OR site:bidassist.com),google_news_rss,https://news.google.com/rss/articles/CBMipgJBVV95cUxOcVdiWVI4LVRxeVlFQVpMNzFaajhsTlVnUWtrZWV4QXRYZko1WURYU1NFSHFoa0RXdDUxelFDSmxha0tWY0FpVkNRc0pBcGFUcUpldkhEaG15d1RLN3Nib2hDWkdseXR2X2dIdzFTXzBEblo2X1BFb05hZmRiTVgyODVIT2F4enZTS2Q4VlNSTDA3dEljZ1o3NWktRU1GaW9QOS05Yk92OV9UMEhxeE5ZWV9qWmRoeEphZlowUmxxcmgxZjc2dUx5aDB6X2pBTlI3YU9FdTZKREYtXzRvZHlpVVd3WDVNdlpzbEFKTFdqY0FCY1M1WUxscXZKd2xsOGkya1ZXa2lTdXg3Y2tfOUVqWFFrdGRMaXpkY2JOdjFpM1N6bVB0M0E?oc=5
Item No Material Code Item Title Material Description Quantiry Unit 10 21911501000091 GREASE MILL SPECIFIC LUBRC - Government e-Marketplace,2026-09-26,Government e-Marketplace,four ball tester tender (site:gem.gov.in OR site:eprocure.gov.in OR site:etenders.gov.in OR site:tendersbazaar.com OR site:tendersinfo.com OR site:biddetail.com OR site:mstcecommerce.com OR site:tenderdetail.com OR site:bidassist.com),google_news_rss,https://news.google.com/rss/articles/CBMirwJBVV95cUxORVhnbTRLTk1HSGZwYVdMMVZ3eUl1aW5sb1RLUWZlcDdqYzNjN1lkWDhKUmpfbVQ5dENxcS1md2V6S2h2a0pjaHk0LTAxS1hHaDJvdnRMSG5RV095T2RCMkk2bkFOWG5PZjV0YmRsSXFFQzYzVjJQQ3QzMEtoUTMyY25uZXY4MGp3alEzMEZJaWVXaW4xNmRyaGdUU0VHZ0JyT0pTaGJMUHoxWUdHNFpNQzdjRGlpMW5rcHQ4Q0NucklQSk1BSkFjaWNJWDB1c2NMNkhydzhsOXpwMFNobERTNjRDMWZxS0dySWU5czNNdWxvQzVTVVRVVjhrMTV0YkJMenRZcUxmZ0Y3RHNBV3RsSDljdlBaZFFyR0F1c0x4UWlvbVFmYzNicmZWQnRlQWs?oc=5
Untitled - bidplus.gem.gov.in,2026-09-25,bidplus.gem.gov.in,friction and wear tester tender (site:gem.gov.in OR site:eprocure.gov.in OR site:etenders.gov.in OR site:tendersbazaar.com OR site:tendersinfo.com OR site:biddetail.com OR site:mstcecommerce.com OR site:tenderdetail.com OR site:bidassist.com),google_news_rss,https://news.google.com/rss/articles/CBMihAFBVV95cUxQWHMwbU9HUVRvaTdPOFkxUlBZblRzNjJBb09wZ2JDeUZCSEZPVFg5bThmcGpSbUVjVWJYRGxiZkE0VmhnS00tdDd1WGJDV01oSXlNN0NyaE5qUnRrQmVIdThja3dTMi1kRlBMbHI0RzY3ZW5yaXhzRUlsSFpxa29mSVZUeWs?oc=5
DEOLALI CANTONMENT BOARD - fulfilment.gem.gov.in,2026-09-25,fulfilment.gem.gov.in,wear testing machine tender (site:gem.gov.in OR site:eprocure.gov.in OR site:etenders.gov.in OR site:tendersbazaar.com OR site:tendersinfo.com OR site:biddetail.com OR site:mstcecommerce.com OR site:tenderdetail.com OR site:bidassist.com),google_news_rss,https://news.google.com/rss/articles/CBMigAJBVV95cUxNWW02OWxFUGNZTktQcGo5cWZBZHlvbU10R3g0Wl9LMXFmYmpobFRDSDhHOEtGTnhQZ2Z2NDNGRkc2ZmxySFNFcHpEbXlKR09vUUNncWRfSlJlTl9FTGJkeWM5ejE5akV6Zi0waU1jRC1LRE9jU1dQMlZRQVpYbEtlMmc1c0lsV3RYdjdlVjFmYmpfN1Zsb2hubVBGbmRseFJpem9Ma01kRVdIZVpzaFFoeGlZNnFGS1lwT29WWmVPLTZLWWRxaUZtcGtibHdUT3dEdzA0YlBlQmEzTGswR1d3cUVkSXNxQW9iWGk0V29Ua2tXZ0NMa3k1Vl9oM3RqYjd2?oc=5
Tender Details of TBID : 46833502 ( EMPLOYMENT TRAINING ADMINISTRATION ) - tendersbazaar.com,2026-09-25,tendersbazaar.com,surface roughness tester tender (site:gem.gov.in OR site:eprocure.gov.in OR site:etenders.gov.in OR site:tendersbazaar.com OR site:tendersinfo.com OR site:biddetail.com OR site:mstcecommerce.com OR site:tenderdetail.com OR site:bidassist.com),google_news_rss,https://news.google.com/rss/articles/CBMiXEFVX3lxTE5kMkdISDgyNzR3S2w0SDNHdFVpZV91QnA3bEFPUkFMZGFBOGpJenozbF9QM21UTjFCa0JzenFKSnJIb2MzaEYwOHZXa0tUb1ZraE9BaDViUXhxY3Nr?oc=5
"Schedule No. 1 10 - M1710121601 – 100277651 BEND,AS,90DEG,200MM Unit of measurement NO Rihand Super Thermal Power Technical Sp - Government e-Marketplace",2026-09-25,Government e-Marketplace,surface roughness measurement tender (site:gem.gov.in OR site:eprocure.gov.in OR site:etenders.gov.in OR site:tendersbazaar.com OR site:tendersinfo.com OR site:biddetail.com OR site:mstcecommerce.com OR site:tenderdetail.com OR site:bidassist.com),google_news_rss,https://news.google.com/rss/articles/CBMijwJBVV95cUxONlhidXZIY3ZZVWJWNHhrNWxsTkJNSUZoX2pzN0F1dDVTRVRwajlXdVVla04tRlNWUzRYWDQyNFB2b2pGZDVRWFNPWkVHN3F0cThhc3ZtZU02djRSZDlIeDRSTnk1VnU3UDhMR3RsS09ZaGMyRlNxUkdpMl9iSFhBSVFPQ2tRZE16XzBKU1ZfcDZ6enlkNUYyMDRFVGFXbWJFVVR6RW9hZXFtYnlFcU5MYWNmTXlnNWk2T3BxeXlfdjNPbHNaMkVzS2ZYWlZpYnJVRGxldzZJNmtFN3ZFai1mMEYwcUhlZDBfVFNjSV9yemRlX2p0NHkzRjNXeFhTUV9SekZ4anNFbk9VSzlPN29n?oc=5
"eNote/NPCIL/2026/10060 VULCHI KALYANI, SO/F 13/08/2026 12:31 - bidplus.gem.gov.in",2026-09-25,bidplus.gem.gov.in,surface roughness measurement tender (site:gem.gov.in OR site:eprocure.gov.in OR site:etenders.gov.in OR site:tendersbazaar.com OR site:tendersinfo.com OR site:biddetail.com OR site:mstcecommerce.com OR site:tenderdetail.com OR site:bidassist.com),google_news_rss,https://news.google.com/rss/articles/CBMihAFBVV95cUxNUVpHOVB2ZkhhTi1weFFTR2R1MGZITE1HUFdfMG1SallMc3BSRGRyVEhlSUFNOEo5VjNkQnNCVWZoYmpLdW1vNWg4cjBPSDhVTG9jdlFKYTc5UDh3WG10VFlaelNnVVFqYUN6eVdwWW5mVHpRQ3poUmpHYWtSSTZyNk1aYlQ?oc=5
Contract Awarded Notice - 28822142 - Bid Detail,2026-09-24,Bid Detail,surface roughness tester tender (site:gem.gov.in OR site:eprocure.gov.in OR site:etenders.gov.in OR site:tendersbazaar.com OR site:tendersinfo.com OR site:biddetail.com OR site:mstcecommerce.com OR site:tenderdetail.com OR site:bidassist.com),google_news_rss,https://news.google.com/rss/articles/CBMikAFBVV95cUxOVmZoUEViNzZIbWV1Z1BRSGNqam1WdkhCYzgtT3YteDRTTnZRMmFrVUt3RDd5NVJRazkzR3ducXdWd2pRN0t0aGZLX3lVazhwb0hESlJFeF9DUThfRkV5Q1E5S3dfOGp5YWJBLXZXUUl2SDM2VUpkaUtCVDMwT1h2TEdyMmlNMnY2NXcwWThRTGg?oc=5
15078 GeM Custom Bid for item no. 1 (a) Name: Spare Balls for Ball Screw Assembly of FM Bridge & Carria - Government e-Marketplace,2026-09-24,Government e-Marketplace,four ball tester tender (site:gem.gov.in OR site:eprocure.gov.in OR site:etenders.gov.in OR site:tendersbazaar.com OR site:tendersinfo.com OR site:biddetail.com OR site:mstcecommerce.com OR site:tenderdetail.com OR site:bidassist.com),google_news_rss,https://news.google.com/rss/articles/CBMixgJBVV95cUxPbmNEMmp1UnlQeEg1Wjl4MjFZNVRzLVlHSnRkc1JQZDN6eU54QXJGdG1fUVk3UmFrMk9salVZSnNlQUNua0xQSXptWE5oZTUyQ2dUdEZmaTJNbXZ0X0FzcWZIa2VoU0tRTDM0R3hGc1lvZzdMUFMyLWpqOVN2V0RPUXlTdUZPdW90NWlIOVkwRHF5dHhuRVQtcFpfUTZuQlpWN0N5elJpUFZTeTdzdk5Uc21PaVRPNXZ4QnczdW1uNUNqZjVwa29VTjNuVnhNWWRsQkJNbmtFR2xVN2RsenRLaFZQM1p3ZzBGVUlKa096WE1qYWp2X3R3QzRXZU5QSmtmaGMtUExBTksyT04xWWdJNzJqeUJ1N1NWYkZXQ0pfVWlwX1BMZkJ1RnRQV09UTkhsMTdid2ZzdTltNUxFSlpnNC1aeHFjZw?oc=5
SCOPE OF SUPPLY - bidplus.gem.gov.in,2026-09-24,bidplus.gem.gov.in,four ball tester tender (site:gem.gov.in OR site:eprocure.gov.in OR site:etenders.gov.in OR site:tendersbazaar.com OR site:tendersinfo.com OR site:biddetail.com OR site:mstcecommerce.com OR site:tenderdetail.com OR site:bidassist.com),google_news_rss,https://news.google.com/rss/articles/CBMihAFBVV95cUxOUWRGbFRIYUxzY2ZtekxDU05QTmtJb2lJbWJiYk8yNVFsNmNkdk5idlFrU0FNQVdvRnpsd3lYUWlDU2hWRTN6Q2V0aWNRajcwcnVvN1hpZ2pscER3dXRZUTBVbDFSYjVLTG1NREswclkzcFdMTGxXOWRReVJLdU1Rall6Mlk?oc=5
NOTICE INVITING TENDER - fulfilment.gem.gov.in,2026-09-23,fulfilment.gem.gov.in,surface roughness measurement tender (site:gem.gov.in OR site:eprocure.gov.in OR site:etenders.gov.in OR site:tendersbazaar.com OR site:tendersinfo.com OR site:biddetail.com OR site:mstcecommerce.com OR site:tenderdetail.com OR site:bidassist.com),google_news_rss,https://news.google.com/rss/articles/CBMijgJBVV95cUxQWlg2WnlhalFUM2EzTHhfa1c1NE1YSXVuTFdIVkFJU1JnaGllX00wVkE4WHQwWEY4RVg4X0VITUZZQUdnSUxKM0JWc1l0UFItOUMyZmx2NjBrYWJieEVtMS1jazY4dHIxa1BNdmVCeFlHcW54ZExVWW14UHdtajVuMDJyLUMtSS1FRXFrVFF0V245Zzk1RVRMWFBNbFV1TzR5dllwVl83ZTFTNElDa09mc1o3SG9SN2V2RVFlX0dFbTFuYkFXbkFqWlBzQlVnQmtkeDZvLVhCM0ttTGtuMlVqVnVSNlo4SUoxUThsYkQ1OTJ4Zmdkcm9EeHNrQlVfdnZhRHpNX3lrMU91cHFZeXc?oc=5
SPECIFICAITONS FOR CIVIL LAB ITEMS for GPC Banswara - Government e-Marketplace,2026-09-21,Government e-Marketplace,wear testing machine tender (site:gem.gov.in OR site:eprocure.gov.in OR site:etenders.gov.in OR site:tendersbazaar.com OR site:tendersinfo.com OR site:biddetail.com OR site:mstcecommerce.com OR site:tenderdetail.com OR site:bidassist.com),google_news_rss,https://news.google.com/rss/articles/CBMirgJBVV95cUxPRTIxa05mRFF6WEhDVXdqOUQwbTR3YjBrR0NoMWhuTUNsdl9Nc290cWZId2Q5UHMwYnpDV29pMjBiZWhhQk1menVPc1h3NzNBSXlqRFJmaC13bHFmbnNJYWN2SGFUM1AtX2w1S3I5bnFpUy13d1BvdWhsbTQ5Wm8wT1ZDOWtSbUpOV0M1bE5lY05wTkduazRFNE9fV1BKbDh6TGtNaHAyNEpVNVJ0WUFjNWVzcC1CLTBkUmpuWEpQOXVQdU42S2xsZzN3R2gyY3FBZVMxQmQzbmJnVUg4UlJKd204UlVFT2hWV21hZ1RZTk04eUJJcWVSdVg1M1k4bzJIQkJkd19qcFNRTk55Zlh4V1U1YnVxYUpRb3ViVGVZM0tCdElkR25aQ1gtQUctUQ?oc=5
Tender Spec Format - 1000074248.xlsx - Government e-Marketplace,2026-09-21,Government e-Marketplace,wear testing machine tender (site:gem.gov.in OR site:eprocure.gov.in OR site:etenders.gov.in OR site:tendersbazaar.com OR site:tendersinfo.com OR site:biddetail.com OR site:mstcecommerce.com OR site:tenderdetail.com OR site:bidassist.com),google_news_rss,https://news.google.com/rss/articles/CBMiqwJBVV95cUxPZEI0TXVuVWFKN3hGQTZnUUp2QjU2aWFWbTNFUVNDVmNkTmdwenp2SEMyVVRRTHYtNUVxMGFpQ1Y4aEtqT3dxbVRGWFE2UXVMSTNpalpLN0ZnVFhCU1pVTGVIaGdTSTJTMThGSzl2WU1vVFl6VXJOcHhJb3RGV2hmaG9mSGVWTW5mTFhKTzRQTHlJQ2wyUnMwa2dJekxRVnJzUUpEcEtqRE15N2t6OVBVZVp4akEwb0J5S0gwVWlYOUxGZkVNOVRMRk82R2IxZWhhVktNc05vMVlBb1ZyQS1iV3F4T3FVNEhORUNkMWdQbEpQMnZUVlA3Sk5rcnJleVRBdDdNX0ZIdzN6THFCSmxrbC1FTjB6V1dkdE1sbjBkZ2J1ajRxXzBwNENfQQ?oc=5
Australia’s pace bowlers Doggett and Richardson begin Test bid in Puducherry - Sportstar,2026-09-21,Sportstar,four ball tester tender India,google_news_rss,https://news.google.com/rss/articles/CBMi6gFBVV95cUxQTE1jcEFzTXNsSVpCQWJzTHVPZjM1X3dUbmVNZlV6V21mNDhXTTVtTXFnaDhpUW1VWXpzUXFraFVYejVWcG5sUDlGSmdzbTBpTEJRN0FkV1U1OEJYMXotOEpLTkNiMWZZSDFjZFVPM2hHZmxlVUNfOVlVcnhBTktwdU84eEp2Z3k4UDNPVFZnSVlod1hKLTU1ZkVZRURBQnlVbXl4SnlKR2tfYVZ6VHVNX0dGYThRREw2YkxXVV8zTkJqUG53TkI4azhnYS1tUnZpMWh1amltdkJpeGhJOW56UnNWU0tiZW1SbkHSAfABQVVfeXFMUDE1WmxUZ3J2Q2xxZ0pSMmdqR0M3cWpFNzBaeDFua0l4T213eUFZNUFfR3hEc0Z1dXBXV2piREY1bHdESjZTSERfdVVyLWV4ajI4aENSUGtOTDN4VkpxdzVHOFRnS21QeENkRU5mTG82TzBkRHZHMHdFVmd4R0hmU2liV3o0V2dYNWlMN3hhRU5LZnR5V1Rodlg5UVZjWmVkS0F5cnFlWlRfdWYyMGYwVHo4WkRqWDMzNnF0TVhEejExNmRSRWRXVkJHNHFkS2NxMmZkR25yOElqaDYyMmJDQXZTOHBXQlpQU1pPbGNNZEo3?oc=5
